,sofifa_id,age,height_cm,weight_kg,preferred_foot,weak_foot,skill_moves,pace,shooting,passing,dribbling,defending,physic,attacking_crossing,attacking_finishing,attacking_heading_accuracy,attacking_short_passing,attacking_volleys,skill_dribbling,skill_curve,skill_fk_accuracy,skill_long_passing,skill_ball_control,movement_acceleration,movement_sprint_speed,movement_agility,movement_reactions,movement_balance,power_shot_power,power_jumping,power_stamina,power_strength,power_long_shots,mentality_aggression,mentality_interceptions,mentality_positioning,mentality_vision,mentality_penalties,mentality_composure,defending_marking_awareness,defending_standing_tackle,defending_sliding_tackle,work_rate_High/High,work_rate_High/Low,work_rate_High/Medium,work_rate_Low/Medium,work_rate_Medium/High,work_rate_Medium/Low,work_rate_Medium/Medium,body_type_Lean (170-),body_type_Lean (170-185),body_type_Lean (185+),body_type_Normal (170-),body_type_Normal (170-185),body_type_Normal (185+),body_type_Stocky (170-185),body_type_Unique
0,208722,25,175,69,1,3,4,93.0,78.0,75.0,85.0,36.0,75.0,72,83,53,77,68,86,74,64,71,84,94,92,89,80,85,77,75,82,72,69,73,31,84,78,71,78,33,35,38,0.0,0.0,1.0,0.0,0.0,0.0,0.0,0.0,0.0,0.0,0.0,1.0,0.0,0.0,0.0
1,213655,21,180,75,1,3,3,78.0,61.0,66.0,82.0,28.0,65.0,52,63,42,80,48,83,50,40,57,83,79,78,77,72,76,67,50,70,72,54,46,24,68,75,56,70,29,26,23,0.0,0.0,0.0,0.0,0.0,0.0,1.0,0.0,0.0,0.0,0.0,1.0,0.0,0.0,0.0
2,184480,28,183,83,0,3,3,71.0,67.0,60.0,68.0,37.0,72.0,66,66,54,63,65,71,61,35,57,67,70,71,60,63,58,70,62,71,75,68,68,32,62,59,73,61,40,35,27,0.0,0.0,0.0,0.0,0.0,0.0,1.0,0.0,0.0,0.0,0.0,1.0,0.0,0.0,0.0
3,169792,27,185,80,1,4,3,77.0,75.0,68.0,76.0,32.0,67.0,68,77,76,75,74,77,69,29,66,75,76,78,75,77,64,74,81,76,71,72,41,44,80,69,71,75,16,28,21,0.0,0.0,1.0,0.0,0.0,0.0,0.0,0.0,0.0,1.0,0.0,0.0,0.0,0.0,0.0
4,184200,28,192,83,1,4,4,77.0,74.0,79.0,81.0,53.0,81.0,83,73,71,79,79,84,79,74,74,85,76,78,72,75,57,78,68,79,84,71,81,53,80,81,77,77,49,60,30,0.0,0.0,0.0,0.0,0.0,0.0,1.0,0.0,0.0,0.0,0.0,0.0,1.0,0.0,0.0
5,185422,25,180,74,1,2,3,90.0,77.0,60.0,76.0,29.0,70.0,63,82,63,68,67,77,69,42,48,74,87,92,78,72,71,78,72,73,77,69,50,33,77,56,72,72,22,26,19,0.0,0.0,0.0,0.0,0.0,0.0,1.0,0.0,0.0,0.0,0.0,1.0,0.0,0.0,0.0
6,203910,25,172,69,0,3,4,75.0,72.0,72.0,81.0,31.0,67.0,74,73,59,73,61,82,76,76,63,77,78,73,91,72,84,73,74,73,59,72,78,32,73,73,68,73,17,34,29,1.0,0.0,0.0,0.0,0.0,0.0,0.0,0.0,0.0,0.0,0.0,1.0,0.0,0.0,0.0
7,152747,30,165,63,1,3,3,83.0,64.0,71.0,82.0,38.0,62.0,78,65,28,76,68,82,63,55,54,80,84,82,91,74,91,64,70,70,59,57,57,42,71,73,62,77,40,37,37,0.0,0.0,1.0,0.0,0.0,0.0,0.0,0.0,0.0,0.0,1.0,0.0,0.0,0.0,0.0
8,193061,26,182,77,1,4,4,78.0,66.0,80.0,81.0,68.0,68.0,78,61,60,83,74,82,78,72,76,83,78,78,79,78,75,66,66,77,64,72,66,72,76,81,72,78,64,71,70,1.0,0.0,0.0,0.0,0.0,0.0,0.0,0.0,1.0,0.0,0.0,0.0,0.0,0.0,0.0
9,192362,26,177,77,1,3,4,91.0,65.0,67.0,76.0,24.0,58.0,76,70,40,71,62,76,69,59,42,76,91,91,80,74,77,65,34,71,65,54,28,20,73,72,58,71,19,28,22,0.0,0.0,0.0,0.0,0.0,1.0,0.0,0.0,0.0,0.0,0.0,1.0,0.0,0.0,0.0
10,188166,26,183,75,1,4,3,87.0,71.0,69.0,78.0,35.0,71.0,77,69,54,68,45,82,72,48,67,74,88,86,78,65,71,80,54,74,78,74,55,28,72,70,61,67,29,40,34,0.0,0.0,0.0,0.0,0.0,0.0,1.0,0.0,0.0,0.0,0.0,1.0,0.0,0.0,0.0
11,200104,24,183,77,1,5,4,86.0,83.0,75.0,83.0,25.0,66.0,75,83,65,78,73,85,81,70,64,82,87,86,79,81,77,83,65,80,62,86,60,29,83,78,71,78,17,19,23,1.0,0.0,0.0,0.0,0.0,0.0,0.0,0.0,1.0,0.0,0.0,0.0,0.0,0.0,0.0
12,171791,33,187,81,1,3,2,43.0,35.0,52.0,60.0,79.0,77.0,36,40,76,62,34,58,33,32,56,62,44,43,60,78,54,29,73,66,80,29,84,81,40,55,43,69,78,79,77,0.0,0.0,0.0,0.0,1.0,0.0,0.0,0.0,0.0,0.0,0.0,0.0,1.0,0.0,0.0
13,192883,28,177,75,1,5,4,86.0,79.0,80.0,87.0,54.0,70.0,79,77,53,84,81,87,83,64,72,87,88,84,89,82,85,87,71,86,63,75,69,64,82,85,72,79,49,53,55,1.0,0.0,0.0,0.0,0.0,0.0,0.0,0.0,0.0,0.0,0.0,1.0,0.0,0.0,0.0
14,190717,27,180,80,1,4,4,85.0,74.0,70.0,81.0,52.0,82.0,73,74,88,73,69,83,66,60,67,78,82,87,86,76,76,76,84,78,86,72,75,40,77,65,73,70,44,56,53,1.0,0.0,0.0,0.0,0.0,0.0,0.0,0.0,0.0,0.0,0.0,0.0,0.0,1.0,0.0
15,193348,25,169,72,0,4,4,83.0,77.0,78.0,85.0,46.0,65.0,74,72,37,80,76,85,82,78,76,83,87,79,88,80,92,85,63,74,62,81,64,65,78,79,65,79,40,41,48,0.0,0.0,1.0,0.0,0.0,0.0,0.0,0.0,0.0,0.0,0.0,0.0,0.0,0.0,1.0
16,188988,24,167,59,1,4,4,82.0,71.0,78.0,86.0,28.0,55.0,74,70,56,80,61,87,75,76,78,86,85,80,88,73,88,75,76,78,45,73,47,23,72,79,73,75,20,32,25,0.0,0.0,0.0,0.0,0.0,0.0,1.0,0.0,0.0,0.0,1.0,0.0,0.0,0.0,0.0
17,54050,31,176,83,1,4,3,68.0,81.0,81.0,76.0,52.0,81.0,78,80,75,81,83,73,84,81,82,80,67,68,71,83,77,86,76,78,83,79,81,54,79,80,83,88,48,51,37,0.0,0.0,0.0,0.0,0.0,0.0,1.0,0.0,0.0,0.0,0.0,0.0,0.0,1.0,0.0
18,205540,21,176,81,1,4,3,85.0,67.0,60.0,76.0,48.0,66.0,66,65,35,65,50,78,65,24,56,74,85,85,75,64,80,79,60,69,71,68,50,46,67,54,57,64,45,55,53,0.0,0.0,0.0,0.0,0.0,0.0,1.0,0.0,0.0,0.0,0.0,1.0,0.0,0.0,0.0
19,202652,22,170,69,1,3,4,93.0,71.0,74.0,85.0,46.0,61.0,73,73,38,81,59,85,64,49,67,84,94,92,91,79,92,68,60,75,64,70,34,26,81,75,63,74,48,58,54,0.0,0.0,1.0,0.0,0.0,0.0,0.0,1.0,0.0,0.0,0.0,0.0,0.0,0.0,0.0
20,189505,29,169,65,1,5,4,82.0,77.0,77.0,85.0,37.0,62.0,78,81,55,83,70,84,81,57,70,87,84,80,84,84,82,71,67,78,56,78,56,49,84,77,66,78,30,32,31,0.0,0.0,1.0,0.0,0.0,0.0,0.0,0.0,0.0,0.0,1.0,0.0,0.0,0.0,0.0
21,219411,24,171,75,1,3,4,93.0,73.0,67.0,82.0,27.0,62.0,70,71,60,69,54,83,75,34,63,78,93,93,90,71,83,80,73,84,63,77,27,37,75,72,58,73,18,21,15,0.0,0.0,1.0,0.0,0.0,0.0,0.0,0.0,0.0,0.0,0.0,1.0,0.0,0.0,0.0
22,173436,29,167,62,1,3,4,83.0,72.0,67.0,80.0,38.0,63.0,64,73,32,74,52,80,58,42,65,77,85,82,85,67,93,75,72,72,55,74,69,35,72,66,70,67,33,45,48,1.0,0.0,0.0,0.0,0.0,0.0,0.0,1.0,0.0,0.0,0.0,0.0,0.0,0.0,0.0
23,222492,21,183,75,0,3,3,94.0,77.0,72.0,86.0,35.0,70.0,76,78,72,75,64,87,82,62,64,84,93,94,89,79,82,78,66,80,70,77,58,32,82,69,63,76,26,32,35,0.0,0.0,1.0,0.0,0.0,0.0,0.0,0.0,1.0,0.0,0.0,0.0,0.0,0.0,0.0
24,192985,26,181,68,1,4,4,75.0,84.0,88.0,85.0,45.0,75.0,90,83,53,90,82,85,83,83,84,87,76,75,80,88,75,85,65,87,73,86,68,56,84,90,77,84,30,51,40,1.0,0.0,0.0,0.0,0.0,0.0,0.0,0.0,0.0,0.0,0.0,1.0,0.0,0.0,0.0
25,157665,30,188,78,1,3,2,45.0,40.0,52.0,49.0,79.0,77.0,30,40,85,63,29,38,30,29,65,63,44,45,49,77,54,52,69,73,82,32,73,80,36,55,30,71,77,78,78,0.0,0.0,0.0,1.0,0.0,0.0,0.0,0.0,0.0,0.0,0.0,0.0,1.0,0.0,0.0
26,204485,26,179,67,0,4,5,82.0,74.0,78.0,88.0,28.0,55.0,81,74,45,78,71,88,79,75,74,88,85,80,92,75,85,76,62,75,51,72,40,38,79,79,72,82,25,23,19,0.0,0.0,0.0,0.0,0.0,0.0,1.0,0.0,1.0,0.0,0.0,0.0,0.0,0.0,0.0
27,180403,28,175,77,1,4,4,88.0,76.0,81.0,86.0,49.0,64.0,77,77,29,82,59,87,82,85,77,86,91,86,89,83,81,71,46,87,62,81,44,55,80,83,70,79,43,58,51,1.0,0.0,0.0,0.0,0.0,0.0,0.0,0.0,1.0,0.0,0.0,0.0,0.0,0.0,0.0
28,221618,21,184,80,1,2,3,80.0,72.0,39.0,67.0,21.0,60.0,29,71,67,45,47,74,34,31,33,56,78,81,74,60,64,76,70,53,74,76,33,18,66,47,75,60,14,15,17,0.0,0.0,0.0,0.0,0.0,0.0,1.0,0.0,1.0,0.0,0.0,0.0,0.0,0.0,0.0
29,209331,25,175,71,0,2,4,93.0,73.0,74.0,87.0,45.0,66.0,73,79,59,79,71,87,70,60,65,87,93,93,86,82,84,71,70,77,61,62,63,55,83,78,61,75,37,43,41,0.0,0.0,1.0,0.0,0.0,0.0,0.0,0.0,0.0,0.0,0.0,1.0,0.0,0.0,0.0
30,183108,30,181,84,1,2,4,81.0,75.0,76.0,82.0,57.0,72.0,80,74,68,78,73,83,77,68,67,79,83,80,88,74,76,81,56,69,77,72,67,54,73,78,77,69,47,65,55,0.0,0.0,1.0,0.0,0.0,0.0,0.0,0.0,0.0,0.0,0.0,1.0,0.0,0.0,0.0
31,168542,31,173,67,0,2,4,68.0,72.0,87.0,87.0,38.0,61.0,83,71,54,91,79,84,82,75,79,90,72,65,92,84,89,71,66,78,56,73,51,43,81,92,73,92,25,44,29,0.0,1.0,0.0,0.0,0.0,0.0,0.0,0.0,0.0,0.0,0.0,1.0,0.0,0.0,0.0
32,194932,25,181,73,0,4,3,85.0,75.0,73.0,80.0,33.0,63.0,77,72,52,75,59,82,71,76,67,79,86,84,82,71,72,82,48,76,59,77,58,21,70,71,83,68,39,31,27,0.0,0.0,1.0,0.0,0.0,0.0,0.0,0.0,0.0,0.0,0.0,1.0,0.0,0.0,0.0
33,207494,24,175,62,1,3,3,83.0,74.0,72.0,81.0,51.0,67.0,72,72,61,75,64,79,74,56,65,82,84,83,85,75,84,76,65,79,61,80,66,53,79,74,65,75,52,46,44,1.0,0.0,0.0,0.0,0.0,0.0,0.0,0.0,1.0,0.0,0.0,0.0,0.0,0.0,0.0
34,183569,28,191,91,1,4,4,77.0,73.0,68.0,83.0,36.0,72.0,64,75,74,75,75,86,76,44,68,83,76,78,76,77,66,77,64,75,77,64,59,38,76,66,68,72,26,36,20,0.0,0.0,0.0,0.0,0.0,1.0,0.0,0.0,0.0,0.0,0.0,0.0,1.0,0.0,0.0
35,203299,26,181,78,1,4,4,84.0,73.0,71.0,79.0,32.0,67.0,76,71,70,73,74,79,78,55,60,79,86,83,80,75,77,76,74,65,72,75,53,34,76,75,68,73,19,32,25,0.0,0.0,1.0,0.0,0.0,0.0,0.0,0.0,1.0,0.0,0.0,0.0,0.0,0.0,0.0
36,225632,20,188,74,1,3,3,90.0,62.0,60.0,71.0,36.0,69.0,63,67,44,65,48,73,62,38,55,69,85,94,67,66,66,70,50,62,79,53,59,34,64,57,42,64,36,38,27,0.0,1.0,0.0,0.0,0.0,0.0,0.0,0.0,0.0,0.0,0.0,0.0,1.0,0.0,0.0
37,199434,28,181,76,0,2,4,70.0,67.0,80.0,83.0,37.0,63.0,79,65,63,81,73,83,83,76,77,85,70,70,81,78,80,69,64,69,62,66,56,31,73,84,75,77,40,34,26,0.0,0.0,0.0,0.0,0.0,1.0,0.0,0.0,0.0,0.0,0.0,1.0,0.0,0.0,0.0
38,164859,28,176,68,1,3,3,91.0,75.0,72.0,80.0,38.0,66.0,74,77,58,74,72,81,76,74,65,78,92,91,83,77,79,76,66,73,62,69,65,35,80,72,74,78,33,39,36,0.0,0.0,0.0,0.0,0.0,0.0,1.0,0.0,1.0,0.0,0.0,0.0,0.0,0.0,0.0
39,176635,28,180,76,0,2,4,71.0,74.0,87.0,86.0,24.0,58.0,82,74,54,89,77,86,84,79,84,90,75,68,83,87,70,70,52,69,57,76,48,24,83,92,67,78,22,16,19,0.0,0.0,0.0,0.0,0.0,1.0,0.0,0.0,1.0,0.0,0.0,0.0,0.0,0.0,0.0
40,178088,29,170,63,0,3,3,67.0,76.0,84.0,84.0,32.0,54.0,84,79,59,86,71,82,84,84,77,87,71,63,85,84,89,75,72,75,43,70,52,39,83,87,81,85,25,28,21,0.0,0.0,0.0,0.0,0.0,0.0,1.0,1.0,0.0,0.0,0.0,0.0,0.0,0.0,0.0
